"Name","Slug","ParentSlug","FullPath"
"Billing Videos","billing-videos","","billing-videos"
"Clinicians Module","clinicians-module","","clinicians-module"
"Documentation Features","clinicians-module-documentation-features","clinicians-module","clinicians-module/documentation-features"
"Overview","clinicians-module-overview","clinicians-module","clinicians-module/overview"
"Patient Management","clinicians-module-patient-management","clinicians-module","clinicians-module/patient-management"
"Front Desk Module","front-desk-module","","front-desk-module"
"Appointment Booking","front-desk-module-appointment-booking","front-desk-module","front-desk-module/appointment-booking"
"Calendar Block Features","front-desk-module-calendar-block-features","front-desk-module","front-desk-module/calendar-block-features"
"Cancel Appointments","front-desk-module-cancel-appointments","front-desk-module","front-desk-module/cancel-appointments"
"Case Id","front-desk-module-case-id","front-desk-module","front-desk-module/case-id"
"Edit Appointments","front-desk-module-edit-appointments","front-desk-module","front-desk-module/edit-appointments"
"Features Video","front-desk-module-features-video","front-desk-module","front-desk-module/features-video"
"Viewing Configurations Filters","front-desk-module-viewing-configurations-filters","front-desk-module","front-desk-module/viewing-configurations-filters"
"Guides","guides","","guides"
"New Features","new-features","","new-features"
"New Updates","new-updates","","new-updates"
"Packages","packages","","packages"
"Profile Management","profile-management","","profile-management"
"Reference","reference","","reference"